task,seed,split,trial,label,amplitude,noise_seed
side,101,train,0,1,0.9483637124330901,7296357080781626432
side,101,train,1,0,0.72665704917011,963896011825908757
side,101,train,2,0,0.8485200718987791,6110698468409483048
side,101,train,3,0,0.6271323115074636,280292328815795952
side,101,train,4,0,0.8417768146085841,8107998449169652597
side,101,train,5,1,0.7031813311989804,821598994332630041
side,101,train,6,1,0.8785405060479292,6357237399766153670
side,101,train,7,0,0.5884761998444891,6626031590814198930
side,101,train,8,1,0.8966333692752684,4608565653893522681
side,101,train,9,1,0.7196496512076559,8538031269002111592
side,101,train,10,1,0.656878378467677,852354796946417925
side,101,train,11,1,0.7404967595822491,2562339477577658727
side,101,train,12,1,0.856138991396928,517283299298860697
side,101,train,13,0,0.8194186328755,8872443277179639187
side,101,train,14,1,0.8856396365211816,569457428684467219
side,101,train,15,1,0.6696575705025877,6167295368644950279
side,101,train,16,0,0.8333061677682818,5609229242930906352
side,101,train,17,1,0.591691974010619,6686561112221743098
side,101,train,18,1,0.5760928535190512,7979701135432826413
side,101,train,19,0,0.7301855994103553,4932886776712569249
side,101,train,20,1,0.8537852992007033,6787907128755233599
side,101,train,21,1,0.8963477862949635,5846837430308291451
side,101,train,22,1,0.7570896540536977,5780244928639622304
side,101,train,23,1,0.8903431596554345,8970813106100559738
side,101,train,24,0,0.6581355891003673,8281394753239300054
side,101,train,25,0,0.6685451649667581,8359128526710192933
side,101,train,26,0,0.6008168113139368,183457281982251076
side,101,train,27,1,0.9423697360138715,2172700972542618262
side,101,train,28,1,0.7654610649991362,7476518020201805255
side,101,train,29,0,0.9010212739412005,5149387096615245595
side,101,train,30,1,0.7920047899762707,373095001905139838
side,101,train,31,0,0.6221724944483217,1269401464941306386
side,101,train,32,1,0.7666821631401965,6535266570053301504
side,101,train,33,0,0.6204734492472013,8833345360341773180
side,101,train,34,1,0.7304062787192945,8364706288676785993
side,101,train,35,0,0.565385662832688,3795079449233021717
side,101,train,36,0,0.8376974754822402,4088882123512764737
side,101,train,37,1,0.6142018140326481,1244022804498170509
side,101,train,38,1,0.5846895088889459,2342516197717241407
side,101,train,39,0,0.7464075736543597,3105011213219868388
side,101,train,40,1,0.8516849151832144,4363934506967798279
side,101,train,41,0,0.785138105062315,1130757697638263738
side,101,train,42,0,0.7540585709947393,7452944130015608081
side,101,train,43,0,0.6945330674893343,73215353264539701
side,101,train,44,1,0.7610112702651863,1714205026402469134
side,101,train,45,1,0.5908510562211137,3368395763928458140
side,101,train,46,0,0.7684117650004423,885483099246379593
side,101,train,47,0,0.8858759629059876,7247295968735983351
side,101,train,48,0,0.6191666494343051,396473339533652080
side,101,train,49,0,0.6741219291260022,3551828185563491468
side,101,train,50,1,0.5936953042865534,965365576093228533
side,101,train,51,1,0.6966445255385232,395284457152682618
side,101,train,52,1,0.8094362953431311,4198696624006150989
side,101,train,53,0,0.6561891451604653,4570571622479572258
side,101,train,54,0,0.6904687234095704,1579610349269509201
side,101,train,55,0,0.7822462066114694,322223313797279387
side,101,train,56,0,0.6613471169208339,8275846427014528092
side,101,train,57,0,0.8349003368514895,698412665889452022
side,101,train,58,0,0.944209279878019,5677222904516733071
side,101,train,59,1,0.8381856717479144,4783113259567801286
side,101,validation,0,1,0.6539836006098514,7174416228747215436
side,101,validation,1,1,0.5750230696075015,351330374145382912
side,101,validation,2,1,0.6753271425986098,6854984541056466210
side,101,validation,3,1,0.8726236812875363,4837918995716387745
side,101,validation,4,1,0.8834412292272366,6419307698595118034
side,101,validation,5,0,0.8792796080648456,2313955181506721749
side,101,validation,6,0,0.8124496045902927,8184348925163183440
side,101,validation,7,0,0.7376931433264531,2328797204679253997
side,101,validation,8,1,0.9085669168389878,7306944592421451489
side,101,validation,9,0,0.5747149784874139,2264210227268177616
side,101,validation,10,0,0.9406510114016524,7697633505056298816
side,101,validation,11,0,0.9148835817209303,905753983475479971
side,101,validation,12,0,0.6393705436660018,951360103561958705
side,101,validation,13,0,0.7605683399330965,5414516676145619759
side,101,validation,14,0,0.7895379387790182,133698740828231279
side,101,validation,15,1,0.8762088747999095,4501358915499025469
side,101,validation,16,1,0.8380313711885374,4275341436891125835
side,101,validation,17,1,0.9213768318375954,8024509847669188725
side,101,validation,18,1,0.6128051697640585,2630347060989435134
side,101,validation,19,0,0.6539295913765594,8545434851734013353
side,101,test,0,0,0.8759972142790294,3198477606988213229
side,101,test,1,0,0.6012975397414397,6913963523647361985
side,101,test,2,1,0.7902916001924334,8829091480477457465
side,101,test,3,1,0.5515781873326266,8397751467618343800
side,101,test,4,1,0.6185747252531204,7560167721799839972
side,101,test,5,1,0.7838382480002614,9050879829697381059
side,101,test,6,0,0.5590133484011401,8846655406625591
side,101,test,7,1,0.5639928298335706,3039919180875166528
side,101,test,8,0,0.9196520916703966,2991827994301262477
side,101,test,9,1,0.7129350919580222,1051548861176159066
side,101,test,10,0,0.8193369890591424,6757396651648768423
side,101,test,11,0,0.9335879837458612,4911856551648469409
side,101,test,12,0,0.7405638431566868,2256833400422849981
side,101,test,13,0,0.6870817110609285,6973970094159249986
side,101,test,14,1,0.8938455629404762,4608519334755663952
side,101,test,15,1,0.7765699182212211,7592252783024769068
side,101,test,16,1,0.8439910548990792,2042553006960495608
side,101,test,17,0,0.6837313388305826,7889158762819477240
side,101,test,18,1,0.6715155255958603,6807874795921132690
side,101,test,19,0,0.8341546398865369,3434071445874683820
side,101,test,20,1,0.8674133593053092,4569512321516517108
side,101,test,21,1,0.8346840542505337,5000755544769144321
side,101,test,22,0,0.7185059871537091,2510266735622497043
side,101,test,23,1,0.569763409590111,3987095341854587287
side,101,test,24,0,0.794034623736834,5403894259542415443
side,101,test,25,1,0.8908355865980278,5889069446698660289
side,101,test,26,0,0.7504699628303692,5331875711708696216
side,101,test,27,0,0.7952227342645043,7648431451676488561
side,101,test,28,0,0.8739744878106068,6027429167497260208
side,101,test,29,1,0.873420885996393,816276297270056202
side,101,test,30,0,0.6954998294873017,8958715841740987445
side,101,test,31,0,0.9281628032897897,8909173729261657930
side,101,test,32,1,0.9149993025474461,7897378609453165606
side,101,test,33,0,0.6940484850315335,1425262263837468909
side,101,test,34,1,0.6478777508241805,2905284762874924162
side,101,test,35,1,0.6492175491709657,5217031675699561360
side,101,test,36,0,0.6352090292913091,9034195468466475154
side,101,test,37,1,0.6090851874389632,5347976591129507455
side,101,test,38,1,0.7227132394657458,705548503337752640
side,101,test,39,1,0.7128632275853637,4599679625940886340
side,101,test,40,0,0.5802508539739099,3872496520852153554
side,101,test,41,1,0.6337271703913446,3125827793215901298
side,101,test,42,1,0.7303107092227002,215424013001709558
side,101,test,43,1,0.9336549289155525,899688289505932882
side,101,test,44,0,0.8322457207127083,4706657786210216592
side,101,test,45,0,0.6531822334460888,3066706169553152629
side,101,test,46,1,0.9026493207368311,1204072978889730391
side,101,test,47,0,0.8462349681374628,6909574434107334202
side,101,test,48,1,0.7354189324895652,7892483706219728145
side,101,test,49,0,0.5760331633313703,3879582690062746716
side,101,test,50,0,0.8425950016198596,1979268038271418985
side,101,test,51,1,0.6679349094107999,7833531849065999396
side,101,test,52,0,0.6520903759231799,2924102045244808818
side,101,test,53,1,0.6216146865918709,3518779133315520370
side,101,test,54,1,0.5595661607301387,708467968748020901
side,101,test,55,0,0.686984980240877,6076077971996457247
side,101,test,56,0,0.5761765432611409,7799295936109245977
side,101,test,57,1,0.904781166140572,6342936379010206787
side,101,test,58,0,0.7748740467256438,1497490216548963398
side,101,test,59,0,0.8294619581835581,6733778749837209677
order,101,train,0,1,0.7124556559103294,4572545925234600690
order,101,train,1,0,0.6441553141201318,7669048147926482587
order,101,train,2,0,0.9154491046416535,3645348684480795444
order,101,train,3,0,0.75754242855123,5240928986437050648
order,101,train,4,1,0.7988716410737682,8863672917245197349
order,101,train,5,1,0.8784900551482472,2095917314749750206
order,101,train,6,0,0.6996243403910483,8485132344698151195
order,101,train,7,0,0.6320350977556702,1067750038842064233
order,101,train,8,1,0.7713611015171645,6367561994232890382
order,101,train,9,1,0.6905724003300184,5775678290177174763
order,101,train,10,1,0.8086712958810445,1326905349855492325
order,101,train,11,1,0.6600663092090091,6858326742235282110
order,101,train,12,1,0.7524362350574975,8799196961351017470
order,101,train,13,0,0.9049202090443815,1064899853456858256
order,101,train,14,1,0.6485136919407096,5276816356575129235
order,101,train,15,1,0.8054983446857309,2586144662055264199
order,101,train,16,0,0.6099354683782334,4984495408052296432
order,101,train,17,1,0.8861909697778076,4289272510609913694
order,101,train,18,1,0.7614963000612863,5352800790295472382
order,101,train,19,1,0.9123182081005272,4689693502734776667
order,101,train,20,0,0.852122429226223,3173332212863983463
order,101,train,21,1,0.7193983132006316,4378493655474781455
order,101,train,22,0,0.7347789664706224,4444129478235470914
order,101,train,23,1,0.636969545528,6448596012956835318
order,101,train,24,1,0.6197077477577653,1461947751271552388
order,101,train,25,1,0.6039905315689496,2575453421116341504
order,101,train,26,1,0.8142649646717557,1774035425989980026
order,101,train,27,0,0.8604318080591578,8766699757786140874
order,101,train,28,0,0.6621676015120304,7031981535553660809
order,101,train,29,1,0.7242476513182539,4005670754010007235
order,101,train,30,1,0.6750257278219146,6456303769468383812
order,101,train,31,1,0.6387577310802003,2487108056741412920
order,101,train,32,0,0.6960676487414168,2830441626693841061
order,101,train,33,0,0.6180195601980889,4521458744891766650
order,101,train,34,0,0.7510816988090735,7392859413481049441
order,101,train,35,0,0.808363885961362,7110673943607779063
order,101,train,36,0,0.7498194289698293,606127071640571688
order,101,train,37,0,0.8433798606082636,5153912292599284544
order,101,train,38,0,0.7324641203003738,7505056034764368537
order,101,train,39,0,0.9158900325541084,4523894207987857110
order,101,train,40,1,0.8312060076059957,2427430182444713351
order,101,train,41,1,0.787220117491302,7890866670499548094
order,101,train,42,0,0.8045135825987639,1219034846788268664
order,101,train,43,1,0.9275594369444545,7372302369122250168
order,101,train,44,1,0.7987673621594127,5957140621774817515
order,101,train,45,0,0.8290296976459085,6243790226478362080
order,101,train,46,1,0.7213654931566147,7078009990602658223
order,101,train,47,0,0.5614788867473763,8059971182949442050
order,101,train,48,1,0.7019995919723715,1464784734620928918
order,101,train,49,1,0.5871933660678853,3996025198341046690
order,101,train,50,0,0.6248687543259753,9138367725616143229
order,101,train,51,0,0.7274295487599961,5794337472719702353
order,101,train,52,0,0.8263058728760897,883722384502897610
order,101,train,53,1,0.6932802988674001,772308173419367334
order,101,train,54,0,0.5857109346189122,2829646573665370353
order,101,train,55,0,0.8199186487931354,2005862012899063749
order,101,train,56,1,0.748323042487028,3975102030751734832
order,101,train,57,0,0.7604056728437448,8068134851859095772
order,101,train,58,0,0.9284259598591978,8617395942056534447
order,101,train,59,0,0.5857773572766948,1236231641457158174
order,101,validation,0,0,0.6955750296268556,7735576848702991492
order,101,validation,1,1,0.9264886263826436,2408519543524230310
order,101,validation,2,0,0.6395752715123392,6643702680714309673
order,101,validation,3,0,0.8769548229134262,1048016202712568670
order,101,validation,4,1,0.6330162477305173,415397772409784075
order,101,validation,5,0,0.8839646163350543,3219605482728758763
order,101,validation,6,0,0.7850540610008259,8919266530978843579
order,101,validation,7,1,0.6324545026950382,3978994687017267965
order,101,validation,8,0,0.7514779569462873,160545595479372602
order,101,validation,9,1,0.7069965149242605,1927338618839884128
order,101,validation,10,0,0.6589816053198144,8692088476138383078
order,101,validation,11,1,0.8741136910304246,8576636888533994144
order,101,validation,12,1,0.8999206013115286,1861219491133681652
order,101,validation,13,0,0.6175544695583424,2883262651434292136
order,101,validation,14,1,0.9010353973138989,9179049041436569055
order,101,validation,15,1,0.5612309245850057,6008736309837717110
order,101,validation,16,1,0.6860332711057453,6275638808445163280
order,101,validation,17,0,0.7713773170817679,364932219020782910
order,101,validation,18,1,0.7284585888672023,3071422561692988741
order,101,validation,19,0,0.5583563670462504,191959428675465746
order,101,test,0,0,0.5703037616249811,9087567345337446968
order,101,test,1,0,0.7559008809128684,3936439411932724608
order,101,test,2,0,0.7191162194390494,2998448084595171688
order,101,test,3,0,0.634655046243577,1766551452084968591
order,101,test,4,1,0.9025805259970141,8937379311316438459
order,101,test,5,1,0.6023376658011974,4674410861885931639
order,101,test,6,1,0.6834172987458991,9214476493714811164
order,101,test,7,0,0.8941553300045321,4739630905207295140
order,101,test,8,0,0.9414476526472186,4713801382597473847
order,101,test,9,0,0.813245977029833,4956423377905015480
order,101,test,10,1,0.6000962853457905,2739784653777433616
order,101,test,11,0,0.652115925644449,5401131810407801324
order,101,test,12,1,0.6603579196613297,2125623590583314549
order,101,test,13,1,0.7644050282706292,7167518569670068385
order,101,test,14,1,0.5992947796813348,5065252014209453755
order,101,test,15,0,0.9443363944876421,1154955549967855840
order,101,test,16,1,0.8708013634070442,3416399619296885759
order,101,test,17,1,0.6446984534457044,2068784455948661168
order,101,test,18,1,0.6878648139154314,1555570101015127168
order,101,test,19,1,0.7479976678501018,1831785053416713380
order,101,test,20,1,0.8140728851422261,8622652681618749815
order,101,test,21,1,0.9392025401182666,7376135247197909389
order,101,test,22,1,0.9080549190977825,9060419569570924852
order,101,test,23,0,0.6047708126730555,531104819741207548
order,101,test,24,1,0.7438011462432574,6189946654136792261
order,101,test,25,0,0.9473478734968224,163492417404612971
order,101,test,26,0,0.8110608748611243,1691227142279797014
order,101,test,27,0,0.870704005874336,5545773864682615248
order,101,test,28,1,0.5545814915852972,5832806989565550884
order,101,test,29,1,0.7751502614645522,5797212077846497707
order,101,test,30,0,0.6823068674789485,2343856462928804447
order,101,test,31,1,0.63360850812559,6560669636393478465
order,101,test,32,0,0.9081615049407722,3099261666138842803
order,101,test,33,1,0.6339905653229584,1948978037493910585
order,101,test,34,0,0.6463216850411987,4024587827820826019
order,101,test,35,1,0.9454978257833371,2469081067810633162
order,101,test,36,0,0.7608501402171088,1287484814958927113
order,101,test,37,0,0.9084150089637504,1310676433968387887
order,101,test,38,0,0.9109039007500486,8186962439063563610
order,101,test,39,0,0.6741003708029808,2696955667703726204
order,101,test,40,0,0.8964813221655836,8331079484824707735
order,101,test,41,0,0.6576132621905243,3097040826956093620
order,101,test,42,1,0.6173821263473963,4832608791268119344
order,101,test,43,1,0.6083405669987598,106186745768505776
order,101,test,44,1,0.6111222336509715,7587179645025247745
order,101,test,45,0,0.8542396823181113,2737687215502494659
order,101,test,46,0,0.8330488746912359,999000432005154802
order,101,test,47,0,0.9153120889732509,6411877045490909396
order,101,test,48,1,0.5801841791602105,3946764184101715247
order,101,test,49,1,0.617787397728293,1564423197759540920
order,101,test,50,0,0.665781559816791,6374273371857167038
order,101,test,51,1,0.9198876969370289,3942146665566210465
order,101,test,52,1,0.6216111246970383,2095758136179748734
order,101,test,53,1,0.5857055234278533,7984384399087821249
order,101,test,54,0,0.8603883422897469,1834744457899369264
order,101,test,55,0,0.5769903710974722,268935254111387691
order,101,test,56,0,0.7584733347276027,5423331506916268221
order,101,test,57,0,0.6351910990658316,1418208757711790938
order,101,test,58,1,0.8398206008184985,469218931052438559
order,101,test,59,1,0.9276444079469773,1094612243818057893
side,202,train,0,1,0.9077455707644717,3883640400683580598
side,202,train,1,0,0.9096791893924157,4958260299495087181
side,202,train,2,0,0.5580404839302072,7323517871316003105
side,202,train,3,0,0.9100214443434538,2072392080382414925
side,202,train,4,1,0.6372791440308925,6651929774788864221
side,202,train,5,1,0.7971367079667608,3816079744434375749
side,202,train,6,0,0.7932857632572012,6995810511278727720
side,202,train,7,1,0.8216673690174825,8278685831474857654
side,202,train,8,1,0.8994541299165154,1108610521743484816
side,202,train,9,0,0.6140679198765928,5531943435988112162
side,202,train,10,0,0.9341252530486276,6573404581957432898
side,202,train,11,0,0.8996677112203129,5941004364645571475
side,202,train,12,0,0.6695722353882494,5614495461266596637
side,202,train,13,0,0.5533008275884839,7396026677872034437
side,202,train,14,0,0.8421830938008846,214044099337067168
side,202,train,15,1,0.914968088225846,6592200538927483179
side,202,train,16,1,0.6797299858028705,8028683934889898094
side,202,train,17,1,0.8267881044752321,3465848669605067666
side,202,train,18,0,0.9133223464221207,2149032115677406542
side,202,train,19,0,0.7278843934446381,6364097207644078184
side,202,train,20,1,0.5978293582815188,1984234034791797145
side,202,train,21,0,0.6417376772041553,1536047673384566223
side,202,train,22,0,0.8190418229537053,606844274585832508
side,202,train,23,1,0.7699882113668912,2979243080881808835
side,202,train,24,1,0.8805673146232502,6382480270160209421
side,202,train,25,0,0.923944553815207,8691566451421588422
side,202,train,26,1,0.8090819956032248,340351080349644923
side,202,train,27,0,0.6430824457094516,3184110406568737764
side,202,train,28,0,0.6793545479063394,6109132291180502531
side,202,train,29,0,0.5918807700780996,8926890062031829793
side,202,train,30,1,0.6893469933643979,213012731543047653
side,202,train,31,1,0.9293626918385944,4831401347277247289
side,202,train,32,1,0.9091743238639303,3651175909165520074
side,202,train,33,0,0.5851755049059354,7753221314378124566
side,202,train,34,1,0.8096727423984366,3439850205352127687
side,202,train,35,1,0.6984653628475347,6336095293455388190
side,202,train,36,1,0.6612358307703924,6693222033024622176
side,202,train,37,1,0.7542911366075986,5901965785370607991
side,202,train,38,1,0.7329348981742057,4876468009356108032
side,202,train,39,1,0.847813194265386,9183262130167746722
side,202,train,40,0,0.9093423611572884,2199096422247660058
side,202,train,41,0,0.5684628737137841,3895158269495652947
side,202,train,42,1,0.7347579767522093,6568704464783532945
side,202,train,43,0,0.9089821860061569,4578056371908728471
side,202,train,44,1,0.5507654264896399,1333942883064529320
side,202,train,45,0,0.7692237266433489,5480456446838894200
side,202,train,46,1,0.7881309143219526,3642882443664528759
side,202,train,47,1,0.7474610373256865,5318984617059224709
side,202,train,48,1,0.6610792522393776,4749051404988498500
side,202,train,49,1,0.6873992029113527,1346235286603299133
side,202,train,50,0,0.7900460795306743,725538154155763073
side,202,train,51,0,0.8379960829312612,6085601671925004122
side,202,train,52,1,0.9390021127138843,6301017817777100271
side,202,train,53,0,0.6154110018146497,5657863166094193625
side,202,train,54,1,0.8570723802577286,6893810096185712981
side,202,train,55,0,0.7203906054745433,1030387510860997130
side,202,train,56,1,0.6352236427008687,2630763528223917251
side,202,train,57,0,0.5709967800028526,4301781305344366905
side,202,train,58,0,0.8705880042188878,8534825710479024020
side,202,train,59,0,0.6620049030686598,2074963702300602227
side,202,validation,0,1,0.6128911139080618,4368313020161274070
side,202,validation,1,1,0.5673039893775406,1839554992202498249
side,202,validation,2,0,0.7771675679175553,4106079437190773227
side,202,validation,3,0,0.6706776737431492,6207563429565638889
side,202,validation,4,0,0.9155753752676445,6513351992846242816
side,202,validation,5,1,0.5678015855959725,3930633366245744027
side,202,validation,6,1,0.7676145756863224,344402494759201314
side,202,validation,7,1,0.7584791709763108,7980579920263642711
side,202,validation,8,1,0.8763590612156074,2842862173314366512
side,202,validation,9,1,0.8492492001876922,980806142642119574
side,202,validation,10,0,0.6251481471864271,7006033966370231594
side,202,validation,11,1,0.6554969997421839,4162288580428213954
side,202,validation,12,0,0.7348024246623953,2663244336859042271
side,202,validation,13,1,0.9438625808123815,3630215276744890772
side,202,validation,14,0,0.6764196253824667,2074814824587816771
side,202,validation,15,0,0.6850296311664521,6551418697321729484
side,202,validation,16,0,0.8460582453416118,2993894505385197886
side,202,validation,17,0,0.7840306360788856,6185573095862723387
side,202,validation,18,1,0.6412172159924862,1819634416155216746
side,202,validation,19,0,0.833255219969675,134564407642318216
side,202,test,0,1,0.9250190706400978,1165556874200332427
side,202,test,1,0,0.677424099226313,8173613661448810689
side,202,test,2,0,0.5826318866890519,2289552390436923714
side,202,test,3,1,0.7304777646692813,7199788138927941228
side,202,test,4,1,0.9421447044640605,5953369635729535247
side,202,test,5,1,0.5942634842965042,8850224898689486292
side,202,test,6,0,0.7079367668280181,3008724212330628346
side,202,test,7,0,0.7525600229336267,357495611962821317
side,202,test,8,0,0.7614181172017144,8249403698173690517
side,202,test,9,0,0.9289063043079413,1712602582830602504
side,202,test,10,1,0.7736895110114765,8767855895123517230
side,202,test,11,1,0.6040839718161043,5672606008210058229
side,202,test,12,0,0.8158316404438128,5480162793199302266
side,202,test,13,0,0.8495423486153936,4840209089111782819
side,202,test,14,0,0.5963197597595244,5234347249971243871
side,202,test,15,0,0.7542782876966827,6920981662916010930
side,202,test,16,1,0.855470425843866,8642652776775684170
side,202,test,17,0,0.7538365961316651,6587789010618646952
side,202,test,18,1,0.7730677712659259,1331675732066237353
side,202,test,19,1,0.6773349818623146,8792979399434578716
side,202,test,20,1,0.7819272966099359,4555956978353961387
side,202,test,21,1,0.7276925783763672,560396651431283279
side,202,test,22,1,0.6790904493554617,2465170841264323027
side,202,test,23,0,0.5994505800714209,141225366571828446
side,202,test,24,1,0.9010949006799255,1772484068540694465
side,202,test,25,1,0.5926335330640903,4897308525037629470
side,202,test,26,0,0.737694381032224,4872855338841293372
side,202,test,27,1,0.7140833162802691,6764663536092458954
side,202,test,28,1,0.8138245110001716,2061920733227792700
side,202,test,29,0,0.6794135257752929,9212937268576052115
side,202,test,30,1,0.9149589019626183,2688201363190887386
side,202,test,31,0,0.7737619326088229,797459353551659006
side,202,test,32,1,0.8918417970575847,5428910168812672009
side,202,test,33,1,0.8383128812731231,7070634589599531411
side,202,test,34,1,0.7293561414184324,3824570243612749707
side,202,test,35,0,0.5990314991365712,8678737710924195363
side,202,test,36,0,0.5604539232267305,4988811419914223050
side,202,test,37,0,0.7852945064760806,7955842366016957390
side,202,test,38,1,0.8287165982501274,5975933103009507827
side,202,test,39,1,0.562710896541577,304473016657189569
side,202,test,40,0,0.6872140824172991,8592242323919324332
side,202,test,41,0,0.6131674744782296,4001808137389787790
side,202,test,42,0,0.7331208445099591,8460426375652029432
side,202,test,43,1,0.6785433526416882,1767934049800369213
side,202,test,44,1,0.9199911377006302,3112026082699412477
side,202,test,45,0,0.5648762687220351,6105509145277687429
side,202,test,46,1,0.9370210042189411,7357478948614204671
side,202,test,47,1,0.7664972959899835,478007270412113616
side,202,test,48,1,0.8398362436951265,8136422465558480169
side,202,test,49,0,0.721540716354454,9003220765085879707
side,202,test,50,0,0.8257439223265028,6366370958561645871
side,202,test,51,0,0.6678184295241687,2115096308729234618
side,202,test,52,1,0.7987695357597233,4787684473840581306
side,202,test,53,1,0.9267104904667148,7150733201860964068
side,202,test,54,0,0.8445891731945827,298707765154330972
side,202,test,55,0,0.9418831069832567,6218352364054014235
side,202,test,56,1,0.7116172601005175,1992306729989313694
side,202,test,57,0,0.7938026596899193,4891673209251772428
side,202,test,58,0,0.886694844105854,3579553448429046010
side,202,test,59,0,0.6814117709249609,617831834571711624
order,202,train,0,0,0.7385277365139469,8599555764708914167
order,202,train,1,0,0.583471183514153,1760598127950743484
order,202,train,2,0,0.9052577625479341,3507286084570727070
order,202,train,3,0,0.5571071586064983,5561086303282741287
order,202,train,4,1,0.5722057293609565,7561799265979969265
order,202,train,5,0,0.7548776538645825,1022180679244557767
order,202,train,6,0,0.7365078305856272,8793583438085620194
order,202,train,7,1,0.6760782637384869,7492204554669833227
order,202,train,8,1,0.7514584078974967,5084824105252932155
order,202,train,9,1,0.5767039371153732,7152346134612008747
order,202,train,10,1,0.5776204634731215,2048483222224573425
order,202,train,11,1,0.7389930984951621,6993606874101650746
order,202,train,12,1,0.5820157448292826,5779393577407920454
order,202,train,13,1,0.5928210479062481,9026262468773712113
order,202,train,14,0,0.7200183407093629,8471603094004992286
order,202,train,15,0,0.5520854530138788,6836736817083471126
order,202,train,16,1,0.7428283751297737,3155896934770255156
order,202,train,17,0,0.8587485446069024,4636453602866693223
order,202,train,18,1,0.5916014323734766,3799114651577734546
order,202,train,19,0,0.7098466359164481,8699969596407197465
order,202,train,20,1,0.7096569780328195,2496615795223551767
order,202,train,21,1,0.8802494049899636,220576780571050563
order,202,train,22,0,0.6895935903951266,246121490354661544
order,202,train,23,0,0.6587913610296897,2630380970787318356
order,202,train,24,1,0.7738383117112287,2180830053200871406
order,202,train,25,0,0.873503802455015,858588058462766279
order,202,train,26,0,0.8144683072611573,3833155343077366310
order,202,train,27,0,0.556565297641363,2138790908832228006
order,202,train,28,0,0.8496326057568739,2831743377204114253
order,202,train,29,1,0.6361494324185167,7105380776112871248
order,202,train,30,1,0.6847455422562929,5420689165382496662
order,202,train,31,0,0.6872940038695087,595724797423394556
order,202,train,32,1,0.9113533707013854,3560844952131817970
order,202,train,33,1,0.8205150269724453,3424676356332051051
order,202,train,34,0,0.8259633044072305,3023042648068652444
order,202,train,35,1,0.702484879086034,7786636962480411474
order,202,train,36,0,0.6378954151023793,2103152210374376474
order,202,train,37,1,0.8269224191249938,2828570698052055400
order,202,train,38,1,0.6845680577401551,1411685774619517172
order,202,train,39,0,0.7490906464876717,6027174928497245409
order,202,train,40,0,0.6681236938232464,6092418682029521313
order,202,train,41,1,0.8785127776283346,7427145716378667686
order,202,train,42,0,0.9079050635481594,6338969575868183796
order,202,train,43,1,0.8045093885721488,6360191699822258721
order,202,train,44,1,0.6693814523150416,20665832429712173
order,202,train,45,0,0.7292697512135538,2464222923637462046
order,202,train,46,1,0.6032572382405875,8927194343016753613
order,202,train,47,0,0.5503081092365332,7170151103348343074
order,202,train,48,1,0.8822938780625045,4786143849909728382
order,202,train,49,1,0.5566329474127032,4354592048380496625
order,202,train,50,0,0.6039761313414002,1576905083389332168
order,202,train,51,0,0.8879208157390619,5040341544619343721
order,202,train,52,0,0.920895424084381,7610275002560950408
order,202,train,53,0,0.8734440681565252,708403965892152353
order,202,train,54,1,0.9034040275444759,6872830464756671413
order,202,train,55,0,0.5643068872213509,7541626989092080802
order,202,train,56,1,0.7148705283508141,6413247062723653072
order,202,train,57,1,0.9320016510394988,1459979201648927049
order,202,train,58,0,0.6683306464960102,6724245677704843332
order,202,train,59,1,0.5924638626156058,4211013922058184946
order,202,validation,0,1,0.7144317198383172,7281859604942540957
order,202,validation,1,1,0.5684247839175318,734792565429453473
order,202,validation,2,0,0.9225608696876697,3478484986096446234
order,202,validation,3,1,0.812999668027651,1278639286772049758
order,202,validation,4,0,0.552687709715721,364163414710485204
order,202,validation,5,1,0.8431738170624303,8331271822687277728
order,202,validation,6,0,0.804457552298645,1848579918193979991
order,202,validation,7,1,0.7268060876464619,6691487475186134426
order,202,validation,8,0,0.679658846286898,7080678968927278261
order,202,validation,9,0,0.5761519257048456,2981284049752512060
order,202,validation,10,1,0.7454810991192146,6713590189926379377
order,202,validation,11,0,0.648203573598706,9190264595073462182
order,202,validation,12,0,0.8387619862059789,8662312855143112939
order,202,validation,13,1,0.8252984873198616,1892296159732722190
order,202,validation,14,1,0.6928500804222021,8389586588215067313
order,202,validation,15,1,0.5553087457886223,2042899625218501688
order,202,validation,16,0,0.5507647548390642,6735334755169575348
order,202,validation,17,0,0.7575141755603022,7822597942005399761
order,202,validation,18,0,0.7429212328718725,3838936005287681705
order,202,validation,19,1,0.699196953596233,5636376384483945240
order,202,test,0,0,0.7626611556890146,5840866161907024990
order,202,test,1,0,0.825985473506891,8827155670129214814
order,202,test,2,1,0.8210887363582362,474392610235817052
order,202,test,3,0,0.6850976732371177,1625392692214156382
order,202,test,4,1,0.7673486684028983,4343912178717319912
order,202,test,5,1,0.5996813251643245,2687530258992370587
order,202,test,6,0,0.6620781403773931,1820454017348548423
order,202,test,7,1,0.8460956664833323,1876013884492368114
order,202,test,8,1,0.6531477810999257,903268621047408431
order,202,test,9,0,0.865121674736203,6943748397635773186
order,202,test,10,0,0.6353340822738099,41576581481903159
order,202,test,11,1,0.713280089961889,5360303542303138873
order,202,test,12,1,0.9091316890843939,2451379013226086621
order,202,test,13,0,0.7807812606407334,3358282000345903417
order,202,test,14,1,0.8986349566419265,7682268292012811593
order,202,test,15,0,0.7115329489299562,3672878048169729473
order,202,test,16,1,0.6931749195464062,4863062611457735948
order,202,test,17,1,0.6213281889952286,2210865568026989353
order,202,test,18,0,0.5599963913587881,2796082673697316342
order,202,test,19,1,0.7563494405305522,6806741358527178479
order,202,test,20,0,0.5875495922107166,1566973066938477329
order,202,test,21,1,0.7440317503591813,6592002098514455667
order,202,test,22,0,0.8267197287383645,3344346483835500871
order,202,test,23,0,0.7784935262410813,80836234464189346
order,202,test,24,0,0.8297722540231812,4318491308042119289
order,202,test,25,0,0.9008711468513197,8224450268075001639
order,202,test,26,1,0.7471215628578756,5766453551973392260
order,202,test,27,0,0.7077419546193161,8568354532201624301
order,202,test,28,0,0.5706184286754267,1920189486795364374
order,202,test,29,0,0.611781635869085,1258493578934134538
order,202,test,30,0,0.9351914412052522,6685752475169545255
order,202,test,31,0,0.920220796672216,71151922471362392
order,202,test,32,1,0.6988624919806254,4565923246654457629
order,202,test,33,0,0.697663000170711,7932870527904448950
order,202,test,34,1,0.6725511321638454,5008513820750475688
order,202,test,35,1,0.8634676709266469,6523711162773062569
order,202,test,36,0,0.7374595685973258,4595322185893235534
order,202,test,37,1,0.616643196231029,2093227365689643100
order,202,test,38,0,0.7319034542993088,6451507650833208500
order,202,test,39,1,0.7622319328659399,7291820717316526354
order,202,test,40,0,0.7412769138241027,6155848969017121001
order,202,test,41,0,0.8931699451636308,9210934495284456919
order,202,test,42,1,0.7565945470176104,7039252309724424630
order,202,test,43,0,0.5590764805943572,3152306644810774711
order,202,test,44,1,0.7105364397437405,5381698528599411793
order,202,test,45,1,0.6849505317193855,9021347195892356799
order,202,test,46,1,0.6709946693557594,906706372290898896
order,202,test,47,1,0.6204761482186402,1533206157844244383
order,202,test,48,0,0.889372270014517,3556545009415020713
order,202,test,49,1,0.5756709809325997,2612725749779760151
order,202,test,50,0,0.6156113899878078,540480788650328121
order,202,test,51,1,0.6350046176217988,5939949405226316257
order,202,test,52,1,0.6938608140410905,1261652471887016464
order,202,test,53,1,0.8178961441212802,3136276289590522406
order,202,test,54,1,0.7606531005810857,5895412696824353675
order,202,test,55,0,0.8533009631779189,8947967483714960461
order,202,test,56,1,0.7460431428048433,925895666317829223
order,202,test,57,1,0.5982407180958119,2925663105335000126
order,202,test,58,0,0.701898587851578,4122195443368340647
order,202,test,59,0,0.7204000848324119,6860609832375265223
side,303,train,0,1,0.7086182989356771,759561065155341092
side,303,train,1,0,0.6209160127558783,6243770142343387788
side,303,train,2,0,0.6500778731274292,6296876674747232365
side,303,train,3,1,0.7035444159633492,5251414188510153227
side,303,train,4,0,0.7045582116456414,8055551199391738154
side,303,train,5,0,0.7961389714938256,3582735918589840916
side,303,train,6,1,0.7596642034205634,7590187009977540611
side,303,train,7,0,0.6177056341207405,5289884082901670679
side,303,train,8,0,0.852215003782395,6527131272580075007
side,303,train,9,1,0.6540253414089321,2601830006998368835
side,303,train,10,1,0.5838463934527748,1064872013136900822
side,303,train,11,1,0.8107417337006282,8584573401527845639
side,303,train,12,1,0.6780617802957041,4329810704994037874
side,303,train,13,0,0.6247274119061911,7684679752877243114
side,303,train,14,0,0.8266881007294398,5582165242696846055
side,303,train,15,1,0.6705878617116122,3596270010623188774
side,303,train,16,1,0.6541405719229674,3045953181627908647
side,303,train,17,1,0.9136670970691371,8006359677321197122
side,303,train,18,1,0.6844289008903458,6242702598090541734
side,303,train,19,1,0.8237851792503241,5615247384289494341
side,303,train,20,0,0.6524890181047538,7516587968983149391
side,303,train,21,1,0.7256070521965264,2570167115691277623
side,303,train,22,0,0.572527690808183,1978425637905874493
side,303,train,23,0,0.6425624747010338,4149542211843697634
side,303,train,24,1,0.6833621306657086,2828792231194363322
side,303,train,25,0,0.6060696593935685,3217795419780552585
side,303,train,26,1,0.5795808182129127,7021913008848607037
side,303,train,27,1,0.6512805562382361,3428014072753226810
side,303,train,28,0,0.6264951384056594,4759012994622940704
side,303,train,29,1,0.7471257908996917,5655532121601824750
side,303,train,30,0,0.9143450079552946,5117428757891534398
side,303,train,31,0,0.6422926829127421,4061298789984126737
side,303,train,32,1,0.7489596485889226,1461297744099419578
side,303,train,33,1,0.7333465835936044,171174327362533958
side,303,train,34,1,0.6292349348093084,1063922701525556841
side,303,train,35,1,0.6778228938741286,3658087164236311164
side,303,train,36,1,0.6177378556907426,971116975662453804
side,303,train,37,0,0.6367191723406243,7217069537554208427
side,303,train,38,1,0.7145378264678972,4226306367137422985
side,303,train,39,0,0.8233903301934564,1679805388896946691
side,303,train,40,0,0.7380315649147153,5482431428227727988
side,303,train,41,0,0.6956220903584492,173567776820555566
side,303,train,42,0,0.7717993049297188,3692766323611612252
side,303,train,43,1,0.8980751482879576,6110277318117135729
side,303,train,44,0,0.6764457343319826,1048821882624586783
side,303,train,45,0,0.8860959814499481,4834010510586122824
side,303,train,46,1,0.6554520593246523,1061043171056862805
side,303,train,47,1,0.5880582479041749,7880178641526324534
side,303,train,48,1,0.6878579478740956,2921248652144583014
side,303,train,49,0,0.8807075593461671,2351598426600295286
side,303,train,50,1,0.5762740877671438,156353406802224309
side,303,train,51,0,0.8323016028166397,2273119143995449031
side,303,train,52,0,0.9382334291199648,4656953829818082084
side,303,train,53,0,0.6122616163877307,6998264515431394782
side,303,train,54,1,0.7644508485279314,7881181496320990558
side,303,train,55,1,0.8862902271981781,5564169445677780974
side,303,train,56,0,0.7990537432500905,8519671889755832532
side,303,train,57,0,0.9148125514596173,8882410208120282003
side,303,train,58,0,0.5618971344102137,7868540287124136789
side,303,train,59,0,0.6209507916587104,8380549126261104219
side,303,validation,0,1,0.8615695178141475,5323465881327280161
side,303,validation,1,1,0.8827577807246851,7693802651200054463
side,303,validation,2,0,0.7758989381396627,5866753052493762255
side,303,validation,3,0,0.5597866703474301,6258538658036916279
side,303,validation,4,0,0.5599595530442323,321339539698416727
side,303,validation,5,0,0.9146031787149792,5045362966273261484
side,303,validation,6,1,0.5714074086195345,5370570077450759708
side,303,validation,7,1,0.7764659435389245,3276183018573203173
side,303,validation,8,1,0.7678746536914629,6454032946776995678
side,303,validation,9,0,0.6655018322414991,5261988825227392546
side,303,validation,10,1,0.7483770546496757,4160403548130868101
side,303,validation,11,1,0.8363957725205047,3186537663564110472
side,303,validation,12,1,0.8868682338787276,7881175506222923930
side,303,validation,13,0,0.6727203409159996,3694740457183785937
side,303,validation,14,0,0.9236885455483123,6123165012069321434
side,303,validation,15,0,0.7140496104836871,815632240429785355
side,303,validation,16,1,0.9339044078109033,5262119252746355118
side,303,validation,17,0,0.826578728740356,6131898840003894105
side,303,validation,18,0,0.7015782518905231,1210801671422384489
side,303,validation,19,1,0.7279771145209368,1320342743262735570
side,303,test,0,1,0.9014448307781752,7376181244990967648
side,303,test,1,0,0.6976422752510884,4916834659521421121
side,303,test,2,0,0.6362746536399393,9143827198848629808
side,303,test,3,1,0.9064721140502573,5391389170208016653
side,303,test,4,0,0.7506954218298146,6473643605337108461
side,303,test,5,1,0.9452374531559345,7415202969096581721
side,303,test,6,1,0.7747369123567751,8367446911820860537
side,303,test,7,0,0.6631838625655057,5883528259446993824
side,303,test,8,1,0.9098949093514848,819474940034411218
side,303,test,9,0,0.7985957806994448,6557169424140453935
side,303,test,10,0,0.9147865444967824,5162110726283197773
side,303,test,11,0,0.5540156025082815,1533973452377217359
side,303,test,12,1,0.8309627621202385,6774544433821333589
side,303,test,13,0,0.6008478377747755,1311963237846505016
side,303,test,14,1,0.5650202838483884,8226441119703052075
side,303,test,15,1,0.6299083213003729,1225396195413828056
side,303,test,16,1,0.8643484598651721,6816684374081921083
side,303,test,17,0,0.8469969390582137,2080085401020863812
side,303,test,18,0,0.7244748720951318,5369981206914605888
side,303,test,19,0,0.8079081413151761,2656197522284637125
side,303,test,20,1,0.7583474404095961,5941524159407648999
side,303,test,21,1,0.6000224755541284,597855968499862175
side,303,test,22,0,0.7121269470360595,1298729732873848383
side,303,test,23,0,0.5618292450472477,6611738781865338650
side,303,test,24,1,0.5658060064212159,7544901054822267099
side,303,test,25,0,0.837525766726798,4736321401211691775
side,303,test,26,1,0.7599429928656606,8812662271203456816
side,303,test,27,0,0.8372836935004173,53591055976989253
side,303,test,28,0,0.7495169810649812,1438874963219528239
side,303,test,29,0,0.7200878228925559,6850927218128272531
side,303,test,30,1,0.7868389744695954,4961118249847778047
side,303,test,31,0,0.8778898553064352,835432156484946520
side,303,test,32,1,0.590740554112011,3078907807105405300
side,303,test,33,0,0.7915518913733858,2953781964073908334
side,303,test,34,1,0.9194029220161262,5033681911931290465
side,303,test,35,0,0.9168084840152718,4408566565253332379
side,303,test,36,1,0.6890922219753097,8102820582729362880
side,303,test,37,1,0.9082321073245843,2732093700557937780
side,303,test,38,0,0.8428780108722396,6595648973491316730
side,303,test,39,1,0.6709839872030363,3566380623253465197
side,303,test,40,0,0.7923136469000834,4885214640054722624
side,303,test,41,1,0.7570765004581731,3508263888535004656
side,303,test,42,1,0.9374194786045609,8096082682534893322
side,303,test,43,1,0.7161051631018842,7870000640156849234
side,303,test,44,0,0.6986120516405225,6834076666094351153
side,303,test,45,0,0.6673630111427941,4938871162324446036
side,303,test,46,0,0.8473974985949733,2656499778378042367
side,303,test,47,0,0.7799087756752205,5597979783532446109
side,303,test,48,1,0.8043052482724935,754524763094558054
side,303,test,49,1,0.6833293665741323,1681280246408612535
side,303,test,50,1,0.6834025156543915,2615421757781394010
side,303,test,51,1,0.5870533295105322,4912730924924482004
side,303,test,52,1,0.5546597282764452,8570836801724076615
side,303,test,53,0,0.6189131180410048,7459317618187800732
side,303,test,54,0,0.8788602358151547,6968532943331831746
side,303,test,55,0,0.8488492934449428,6223914689262890022
side,303,test,56,1,0.6797959345575527,3454273382346865307
side,303,test,57,1,0.8279259660109453,5809541908563833093
side,303,test,58,1,0.7898407871188371,4361499740423515738
side,303,test,59,0,0.7483121747026165,2726268199854601215
order,303,train,0,1,0.7769667972931006,2349437717289888838
order,303,train,1,0,0.6692653874074818,8689733678523574369
order,303,train,2,1,0.8566463648333517,2915654896875729376
order,303,train,3,1,0.8082660412253244,3564113834282706263
order,303,train,4,0,0.6129911667165873,4049326528681779729
order,303,train,5,0,0.7015863140067558,5765209583735472315
order,303,train,6,0,0.7379430141731584,3868736336953162240
order,303,train,7,1,0.783926225383347,5627054421647680699
order,303,train,8,1,0.895110511418424,411938216648812745
order,303,train,9,1,0.5733008294129769,7145827942439263927
order,303,train,10,1,0.6024777995490167,4091321725923760290
order,303,train,11,1,0.7082758940192521,2817612687202291590
order,303,train,12,0,0.5906581638122044,7307987576764939642
order,303,train,13,0,0.5719072133986416,284029677979195313
order,303,train,14,0,0.8625579642451582,7796127610605628318
order,303,train,15,0,0.8212559687685193,2602302681852738299
order,303,train,16,0,0.8378521190932087,8200059242119205450
order,303,train,17,1,0.6953289231568301,8810151686914331683
order,303,train,18,1,0.7486871283236713,5224974535220452704
order,303,train,19,1,0.9189077759600126,1393266435088382854
order,303,train,20,1,0.6388681508230346,1382149782692894486
order,303,train,21,0,0.7054854753461447,8172982196897649643
order,303,train,22,1,0.7715281260601617,4913119513173005153
order,303,train,23,0,0.6981987492214831,6926604709320852520
order,303,train,24,1,0.924988779996454,6002487508314241213
order,303,train,25,0,0.5852833283066431,8937722318661130178
order,303,train,26,1,0.8738750200086196,5266409243728475108
order,303,train,27,1,0.8223589196013752,6439363608729951789
order,303,train,28,1,0.8097075052856578,959471680715402881
order,303,train,29,1,0.8502112750304239,6877201899932338695
order,303,train,30,0,0.599295553937657,3209517742472074166
order,303,train,31,0,0.8398630851731039,8586238886683654229
order,303,train,32,0,0.9228410644929008,6734136108406138583
order,303,train,33,0,0.915270690044113,4896426415337366958
order,303,train,34,1,0.8430191549690249,4034995670352073531
order,303,train,35,1,0.6935644134032695,2627256179180427692
order,303,train,36,0,0.7199920219585181,2381807127119622039
order,303,train,37,1,0.7505748866649022,7688386489702678122
order,303,train,38,0,0.6210222778411358,7564153507683613461
order,303,train,39,1,0.6752876966291786,8636964320418777762
order,303,train,40,0,0.9282222268254605,5899121698391741102
order,303,train,41,0,0.731993850238145,247944908844861883
order,303,train,42,0,0.6283814465384184,7701802864803686233
order,303,train,43,0,0.7218291946586166,1977131985743872130
order,303,train,44,1,0.9373610097840415,6978639900045439025
order,303,train,45,1,0.8359221481355787,60689743129881047
order,303,train,46,0,0.7968619937219797,2525987935474627657
order,303,train,47,0,0.5502436140587144,8569607862420893636
order,303,train,48,1,0.6165462945208859,7600650801375767602
order,303,train,49,0,0.9154733003415387,4867216981058802494
order,303,train,50,1,0.6220710539606096,4741591831783132432
order,303,train,51,1,0.7667560011239662,3317048317584091629
order,303,train,52,0,0.5885172081522556,6497823323617646812
order,303,train,53,1,0.8680988332789125,5986716840418234022
order,303,train,54,1,0.7482320185081092,625044769300273675
order,303,train,55,1,0.8718314499640611,5240188739407543618
order,303,train,56,0,0.6109500241892792,3820806439457290726
order,303,train,57,0,0.6082342704123233,1258615368099821743
order,303,train,58,0,0.9332476753016148,8705441583480128767
order,303,train,59,0,0.5567614426569523,2191957245059210310
order,303,validation,0,1,0.6263650640332685,5417072991461223871
order,303,validation,1,1,0.9020746280186938,7807057437924994551
order,303,validation,2,1,0.8672548666203521,4701871363480267604
order,303,validation,3,0,0.8799739355325282,7455931969022977490
order,303,validation,4,1,0.6770729902106052,5996309027148376904
order,303,validation,5,0,0.6156795759813294,6404513246495803444
order,303,validation,6,1,0.9211273617331072,8446106440758144691
order,303,validation,7,0,0.9430029077176044,2096593872627739268
order,303,validation,8,0,0.731691213092537,5547228983183564083
order,303,validation,9,1,0.5709883710035017,7985103445221609273
order,303,validation,10,1,0.8686764835787922,2392306026477282466
order,303,validation,11,1,0.6514344050241759,1628065414416065200
order,303,validation,12,1,0.7669364223317606,5972398698954836591
order,303,validation,13,0,0.8548804946305071,7280752022668211007
order,303,validation,14,0,0.7359145964928363,5882936523014239189
order,303,validation,15,0,0.6695827455303376,6583700773054515237
order,303,validation,16,0,0.6488521490903555,6406360090374910579
order,303,validation,17,0,0.7779240848770791,427768880760949785
order,303,validation,18,0,0.6921694013057105,4624335406119779986
order,303,validation,19,1,0.9355412769784932,7878392291738542428
order,303,test,0,0,0.7741408750281703,6074521024769155074
order,303,test,1,1,0.7343353665069513,8439900475445271064
order,303,test,2,0,0.7579098442375344,660614666254075037
order,303,test,3,1,0.7175634112220212,4245936623816540160
order,303,test,4,1,0.8827657826324231,3762516997195483142
order,303,test,5,0,0.7365585403373297,2252113332425952541
order,303,test,6,0,0.8680978476005603,4804298622084791442
order,303,test,7,1,0.8828685583942149,453503110771077855
order,303,test,8,0,0.5584155026479054,451342515459364002
order,303,test,9,1,0.6052315819009177,4529705652142633998
order,303,test,10,1,0.8813041507136735,3680295452410926336
order,303,test,11,0,0.9194394414246825,2835308662004401777
order,303,test,12,0,0.8556468082871742,1425951649987330053
order,303,test,13,1,0.8935646523421485,7237833885893755450
order,303,test,14,1,0.8015430339284864,81441304253360999
order,303,test,15,1,0.7451857195514787,101714757725357041
order,303,test,16,0,0.8729521246937607,7932406532400084930
order,303,test,17,1,0.9347765156413925,3157328311146952238
order,303,test,18,1,0.832083522122651,6115557747390750843
order,303,test,19,1,0.6058008850838789,3328565997156556835
order,303,test,20,1,0.6643032369789553,2232308279126588672
order,303,test,21,0,0.7777536470702908,5638330723249067669
order,303,test,22,0,0.6089544328113807,6225094385863397508
order,303,test,23,0,0.6320907268211994,2054698917265496668
order,303,test,24,1,0.69982260502138,3535521999270491741
order,303,test,25,1,0.8762211388315205,7328812908369099177
order,303,test,26,0,0.5502439996665325,6357165996120594552
order,303,test,27,1,0.7804259486084612,6987870173342114825
order,303,test,28,0,0.888589906891676,3846903042848667630
order,303,test,29,1,0.6710534587060348,4536179568940499125
order,303,test,30,0,0.7881300482835016,4424299344937253327
order,303,test,31,1,0.8831586972419918,210127102747056701
order,303,test,32,0,0.9378693996644076,6308617295011839473
order,303,test,33,0,0.8415782928402067,7842093888705579552
order,303,test,34,0,0.6893591699816375,5093092755760449400
order,303,test,35,0,0.9325229458620717,1950344979667296699
order,303,test,36,0,0.8146032526371348,494844636737210532
order,303,test,37,1,0.7659005761507434,8675476952090779779
order,303,test,38,0,0.782021916714223,119364308804475386
order,303,test,39,1,0.8911217147669828,6442613179760573646
order,303,test,40,1,0.6519261034146141,7947511494145037011
order,303,test,41,0,0.7108730667812164,6345315187508669257
order,303,test,42,0,0.8549758070867146,8619846354332147391
order,303,test,43,1,0.8984169382127687,5721471982048788913
order,303,test,44,1,0.8666279395803879,6289329624747668575
order,303,test,45,1,0.9229898196988726,7275063048182537536
order,303,test,46,1,0.8652524322907298,1302457628081068187
order,303,test,47,0,0.5834737475331608,377434803396170263
order,303,test,48,1,0.623471625769965,7618915729195919399
order,303,test,49,1,0.671940647869005,4112996470495500445
order,303,test,50,0,0.7018612276902447,8094315373022889059
order,303,test,51,1,0.714197083678249,8393558451005515676
order,303,test,52,1,0.6639372220187253,6877735924125937628
order,303,test,53,0,0.6377291509544272,1851858218119557964
order,303,test,54,0,0.7062291796202206,5128889941908426394
order,303,test,55,0,0.8084510070004796,617646958726633506
order,303,test,56,1,0.6686708281874383,8437133341781071926
order,303,test,57,0,0.9239533371468356,3961213591824077125
order,303,test,58,0,0.6079683183819359,3268733421083489918
order,303,test,59,0,0.9200404240018427,8962769359848687590
